english_text,french_text,stt_s,translation_s,tts_first_audio_s,tts_full_s,end_to_playback_s
"Eliutellmi, ven san kous daun tudei.","Je suis désolé, mais je ne comprends pas ce que vous voulez dire.",1.821,0.847,0.794,1.622,4.290
Liutietsmie saam oso technologii.,Les gens utilisent aussi la technologie.,1.006,0.882,0.452,1.032,2.921
When does the sun go down today?,À quelle heure le soleil se couche-t-il aujourd'hui ?,1.554,0.664,0.551,1.112,3.329
End this program now.,Terminez ce programme maintenant.,0.677,0.679,0.549,1.060,2.417
What is the weather like in Helsinki today?,Quel temps fait-il à Helsinki aujourd'hui ?,0.941,0.825,0.603,1.319,3.086
Where is the nearest train station?,Où se trouve la gare la plus proche ?,0.744,3.790,0.613,2.251,6.786
I would like to order a cup of coffee.,Je voudrais commander une tasse de café.,1.079,1.140,0.695,1.326,3.545
Can you help me find a good restaurant?,Pouvez-vous m'aider à trouver un bon restaurant ?,1.090,0.644,0.480,1.162,2.897
What time does the sun go down today?,À quelle heure le soleil se couche-t-il aujourd'hui ?,0.856,0.669,0.400,0.900,2.427
